Sorteo;Número;Paridad;Color;Docena;Columna;Alto_Bajo
1834165;16;PAR;ROJO;B;A;BAJA
1834164;2;PAR;NEGRO;A;B;BAJA
1834163;2;PAR;NEGRO;A;B;BAJA
1834162;10;PAR;NEGRO;A;A;BAJA
1834161;4;PAR;NEGRO;A;A;BAJA
1834160;28;PAR;NEGRO;C;A;ALTA
1834159;6;PAR;NEGRO;A;C;BAJA
1834158;26;PAR;NEGRO;C;B;ALTA
1834157;32;PAR;ROJO;C;B;ALTA
1834156;28;PAR;NEGRO;C;A;ALTA
1834155;18;PAR;ROJO;B;C;BAJA
1834154;10;PAR;NEGRO;A;A;BAJA
1834153;29;IMPAR;NEGRO;C;B;ALTA
1834152;9;IMPAR;ROJO;A;C;BAJA
1834151;9;IMPAR;ROJO;A;C;BAJA
1834150;9;IMPAR;ROJO;A;C;BAJA
1834149;6;PAR;NEGRO;A;C;BAJA
1834148;3;IMPAR;ROJO;A;C;BAJA
1834147;4;PAR;NEGRO;A;A;BAJA
1834146;7;IMPAR;ROJO;A;A;BAJA
1834145;2;PAR;NEGRO;A;B;BAJA
1834144;8;PAR;NEGRO;A;B;BAJA
1834143;0;#N/D;#N/D;#N/D;#N/D;#N/D
1834142;2;PAR;NEGRO;A;B;BAJA
1834141;32;PAR;ROJO;C;B;ALTA
1834140;2;PAR;NEGRO;A;B;BAJA
1834139;11;IMPAR;NEGRO;A;B;BAJA
1834138;1;IMPAR;ROJO;A;A;BAJA
1834137;27;IMPAR;ROJO;C;C;ALTA
1834136;5;IMPAR;ROJO;A;B;BAJA
1834135;18;PAR;ROJO;B;C;BAJA
1834134;22;PAR;NEGRO;B;A;ALTA
1834133;4;PAR;NEGRO;A;A;BAJA
1834132;11;IMPAR;NEGRO;A;B;BAJA
1834131;7;IMPAR;ROJO;A;A;BAJA
1834130;33;IMPAR;NEGRO;C;C;ALTA
1834129;21;IMPAR;ROJO;B;C;ALTA
1834128;26;PAR;NEGRO;C;B;ALTA
1834127;28;PAR;NEGRO;C;A;ALTA
1834126;2;PAR;NEGRO;A;B;BAJA
1834125;32;PAR;ROJO;C;B;ALTA
1834124;20;PAR;NEGRO;B;B;ALTA
1834123;1;IMPAR;ROJO;A;A;BAJA
1834122;26;PAR;NEGRO;C;B;ALTA
1834121;15;IMPAR;NEGRO;B;C;BAJA
1834120;23;IMPAR;ROJO;B;B;ALTA
1834119;33;IMPAR;NEGRO;C;C;ALTA
1834118;6;PAR;NEGRO;A;C;BAJA
1834117;0;#N/D;#N/D;#N/D;#N/D;#N/D
1834116;24;PAR;NEGRO;B;C;ALTA
1834115;26;PAR;NEGRO;C;B;ALTA
1834114;31;IMPAR;NEGRO;C;A;ALTA
1834113;34;PAR;ROJO;C;A;ALTA
1834112;10;PAR;NEGRO;A;A;BAJA
1834111;30;PAR;ROJO;C;C;ALTA
1834110;35;IMPAR;NEGRO;C;B;ALTA
1834109;10;PAR;NEGRO;A;A;BAJA
1834108;20;PAR;NEGRO;B;B;ALTA
1834107;21;IMPAR;ROJO;B;C;ALTA
1834106;8;PAR;NEGRO;A;B;BAJA
1834105;24;PAR;NEGRO;B;C;ALTA
1834104;30;PAR;ROJO;C;C;ALTA
1834103;23;IMPAR;ROJO;B;B;ALTA
1834102;22;PAR;NEGRO;B;A;ALTA
1834101;15;IMPAR;NEGRO;B;C;BAJA
1834100;34;PAR;ROJO;C;A;ALTA
1834099;6;PAR;NEGRO;A;C;BAJA
1834098;3;IMPAR;ROJO;A;C;BAJA
1834097;18;PAR;ROJO;B;C;BAJA
1834096;30;PAR;ROJO;C;C;ALTA
1834095;34;PAR;ROJO;C;A;ALTA
1834094;17;IMPAR;NEGRO;B;B;BAJA
1834093;19;IMPAR;ROJO;B;A;ALTA
1834092;9;IMPAR;ROJO;A;C;BAJA
1834091;11;IMPAR;NEGRO;A;B;BAJA
1834090;9;IMPAR;ROJO;A;C;BAJA
1834089;24;PAR;NEGRO;B;C;ALTA
1834088;18;PAR;ROJO;B;C;BAJA
1834087;8;PAR;NEGRO;A;B;BAJA
1834086;4;PAR;NEGRO;A;A;BAJA
1834085;24;PAR;NEGRO;B;C;ALTA
1834084;13;IMPAR;NEGRO;B;A;BAJA
1834083;17;IMPAR;NEGRO;B;B;BAJA
1834082;3;IMPAR;ROJO;A;C;BAJA
1834081;5;IMPAR;ROJO;A;B;BAJA
1834080;10;PAR;NEGRO;A;A;BAJA
1834079;15;IMPAR;NEGRO;B;C;BAJA
1834078;24;PAR;NEGRO;B;C;ALTA
1834077;31;IMPAR;NEGRO;C;A;ALTA
1834076;19;IMPAR;ROJO;B;A;ALTA
1834075;17;IMPAR;NEGRO;B;B;BAJA
1834074;36;PAR;ROJO;C;C;ALTA
1834073;7;IMPAR;ROJO;A;A;BAJA
1834072;10;PAR;NEGRO;A;A;BAJA
1834071;5;IMPAR;ROJO;A;B;BAJA
1834070;11;IMPAR;NEGRO;A;B;BAJA
1834069;34;PAR;ROJO;C;A;ALTA
1834068;2;PAR;NEGRO;A;B;BAJA
1834067;28;PAR;NEGRO;C;A;ALTA
1834066;28;PAR;NEGRO;C;A;ALTA
1834065;34;PAR;ROJO;C;A;ALTA
1834064;0;#N/D;#N/D;#N/D;#N/D;#N/D
1834063;31;IMPAR;NEGRO;C;A;ALTA
1834062;14;PAR;ROJO;B;B;BAJA
1834061;12;PAR;ROJO;A;C;BAJA
1834060;18;PAR;ROJO;B;C;BAJA
1834059;6;PAR;NEGRO;A;C;BAJA
1834058;18;PAR;ROJO;B;C;BAJA
1834057;22;PAR;NEGRO;B;A;ALTA
1834056;11;IMPAR;NEGRO;A;B;BAJA
1834055;29;IMPAR;NEGRO;C;B;ALTA
1834054;25;IMPAR;ROJO;C;A;ALTA
1834053;6;PAR;NEGRO;A;C;BAJA
1834052;25;IMPAR;ROJO;C;A;ALTA
1834051;10;PAR;NEGRO;A;A;BAJA
1834050;32;PAR;ROJO;C;B;ALTA
1834049;12;PAR;ROJO;A;C;BAJA
1834048;16;PAR;ROJO;B;A;BAJA
1834047;27;IMPAR;ROJO;C;C;ALTA
1834046;22;PAR;NEGRO;B;A;ALTA
1834045;15;IMPAR;NEGRO;B;C;BAJA
1834044;3;IMPAR;ROJO;A;C;BAJA
1834043;2;PAR;NEGRO;A;B;BAJA
1834042;6;PAR;NEGRO;A;C;BAJA
1834041;25;IMPAR;ROJO;C;A;ALTA
1834040;29;IMPAR;NEGRO;C;B;ALTA
1834039;14;PAR;ROJO;B;B;BAJA
1834038;1;IMPAR;ROJO;A;A;BAJA
1834037;32;PAR;ROJO;C;B;ALTA
1834036;5;IMPAR;ROJO;A;B;BAJA
1834035;35;IMPAR;NEGRO;C;B;ALTA
1834034;1;IMPAR;ROJO;A;A;BAJA
1834033;35;IMPAR;NEGRO;C;B;ALTA
1834032;20;PAR;NEGRO;B;B;ALTA
1834031;10;PAR;NEGRO;A;A;BAJA
1834030;9;IMPAR;ROJO;A;C;BAJA
1834029;26;PAR;NEGRO;C;B;ALTA
1834028;25;IMPAR;ROJO;C;A;ALTA
1834027;30;PAR;ROJO;C;C;ALTA
1834026;30;PAR;ROJO;C;C;ALTA
1834025;24;PAR;NEGRO;B;C;ALTA
1834024;11;IMPAR;NEGRO;A;B;BAJA
1834023;19;IMPAR;ROJO;B;A;ALTA
1834022;12;PAR;ROJO;A;C;BAJA
1834021;7;IMPAR;ROJO;A;A;BAJA
1834020;6;PAR;NEGRO;A;C;BAJA
1834019;36;PAR;ROJO;C;C;ALTA
1834018;17;IMPAR;NEGRO;B;B;BAJA
1834017;21;IMPAR;ROJO;B;C;ALTA
1834016;29;IMPAR;NEGRO;C;B;ALTA
1834015;27;IMPAR;ROJO;C;C;ALTA
1834014;36;PAR;ROJO;C;C;ALTA
1834013;2;PAR;NEGRO;A;B;BAJA
1834012;19;IMPAR;ROJO;B;A;ALTA
1834011;20;PAR;NEGRO;B;B;ALTA
1834010;8;PAR;NEGRO;A;B;BAJA
1834009;0;#N/D;#N/D;#N/D;#N/D;#N/D
1834008;20;PAR;NEGRO;B;B;ALTA
1834007;30;PAR;ROJO;C;C;ALTA
1834006;4;PAR;NEGRO;A;A;BAJA
1834005;16;PAR;ROJO;B;A;BAJA
1834004;24;PAR;NEGRO;B;C;ALTA
1834003;6;PAR;NEGRO;A;C;BAJA
1834002;28;PAR;NEGRO;C;A;ALTA
1834001;12;PAR;ROJO;A;C;BAJA
1834000;1;IMPAR;ROJO;A;A;BAJA
1833999;18;PAR;ROJO;B;C;BAJA
1833998;35;IMPAR;NEGRO;C;B;ALTA
1833997;25;IMPAR;ROJO;C;A;ALTA
1833996;5;IMPAR;ROJO;A;B;BAJA
1833995;20;PAR;NEGRO;B;B;ALTA
1833994;27;IMPAR;ROJO;C;C;ALTA
1833993;18;PAR;ROJO;B;C;BAJA
1833992;23;IMPAR;ROJO;B;B;ALTA
1833991;5;IMPAR;ROJO;A;B;BAJA
1833990;2;PAR;NEGRO;A;B;BAJA
1833989;35;IMPAR;NEGRO;C;B;ALTA
1833988;16;PAR;ROJO;B;A;BAJA
1833987;15;IMPAR;NEGRO;B;C;BAJA
1833986;35;IMPAR;NEGRO;C;B;ALTA
1833985;12;PAR;ROJO;A;C;BAJA
1833984;24;PAR;NEGRO;B;C;ALTA
1833983;35;IMPAR;NEGRO;C;B;ALTA
1833982;30;PAR;ROJO;C;C;ALTA
1833981;11;IMPAR;NEGRO;A;B;BAJA
1833980;2;PAR;NEGRO;A;B;BAJA
1833979;28;PAR;NEGRO;C;A;ALTA
1833978;10;PAR;NEGRO;A;A;BAJA
1833977;13;IMPAR;NEGRO;B;A;BAJA
1833976;0;#N/D;#N/D;#N/D;#N/D;#N/D
1833975;32;PAR;ROJO;C;B;ALTA
1833974;19;IMPAR;ROJO;B;A;ALTA
1833973;19;IMPAR;ROJO;B;A;ALTA
1833972;8;PAR;NEGRO;A;B;BAJA
1833971;11;IMPAR;NEGRO;A;B;BAJA
1833970;33;IMPAR;NEGRO;C;C;ALTA
1833969;6;PAR;NEGRO;A;C;BAJA
1833968;19;IMPAR;ROJO;B;A;ALTA
1833967;24;PAR;NEGRO;B;C;ALTA
1833966;28;PAR;NEGRO;C;A;ALTA
1833965;1;IMPAR;ROJO;A;A;BAJA
1833964;16;PAR;ROJO;B;A;BAJA
1833963;2;PAR;NEGRO;A;B;BAJA
1833962;29;IMPAR;NEGRO;C;B;ALTA
1833961;11;IMPAR;NEGRO;A;B;BAJA
1833960;6;PAR;NEGRO;A;C;BAJA
1833959;6;PAR;NEGRO;A;C;BAJA
1833958;29;IMPAR;NEGRO;C;B;ALTA
1833957;18;PAR;ROJO;B;C;BAJA
1833956;9;IMPAR;ROJO;A;C;BAJA
1833955;16;PAR;ROJO;B;A;BAJA
1833954;31;IMPAR;NEGRO;C;A;ALTA
1833953;8;PAR;NEGRO;A;B;BAJA
1833952;30;PAR;ROJO;C;C;ALTA
1833951;13;IMPAR;NEGRO;B;A;BAJA
1833950;6;PAR;NEGRO;A;C;BAJA
1833949;20;PAR;NEGRO;B;B;ALTA
1833948;20;PAR;NEGRO;B;B;ALTA
1833947;30;PAR;ROJO;C;C;ALTA
1833946;34;PAR;ROJO;C;A;ALTA
1833945;14;PAR;ROJO;B;B;BAJA
1833944;1;IMPAR;ROJO;A;A;BAJA
1833943;23;IMPAR;ROJO;B;B;ALTA
1833942;0;#N/D;#N/D;#N/D;#N/D;#N/D
1833941;7;IMPAR;ROJO;A;A;BAJA
1833940;35;IMPAR;NEGRO;C;B;ALTA
1833939;9;IMPAR;ROJO;A;C;BAJA
1833938;18;PAR;ROJO;B;C;BAJA
1833937;3;IMPAR;ROJO;A;C;BAJA
1833936;5;IMPAR;ROJO;A;B;BAJA
1833935;36;PAR;ROJO;C;C;ALTA
1833934;22;PAR;NEGRO;B;A;ALTA
1833933;1;IMPAR;ROJO;A;A;BAJA
1833932;13;IMPAR;NEGRO;B;A;BAJA
1833931;16;PAR;ROJO;B;A;BAJA
1833930;34;PAR;ROJO;C;A;ALTA
1833929;12;PAR;ROJO;A;C;BAJA
1833928;19;IMPAR;ROJO;B;A;ALTA
1833927;7;IMPAR;ROJO;A;A;BAJA
1833926;4;PAR;NEGRO;A;A;BAJA
1833925;33;IMPAR;NEGRO;C;C;ALTA
1833924;25;IMPAR;ROJO;C;A;ALTA
1833923;24;PAR;NEGRO;B;C;ALTA
1833922;10;PAR;NEGRO;A;A;BAJA
1833921;11;IMPAR;NEGRO;A;B;BAJA
1833920;25;IMPAR;ROJO;C;A;ALTA
1833919;3;IMPAR;ROJO;A;C;BAJA
1833918;21;IMPAR;ROJO;B;C;ALTA
1833917;3;IMPAR;ROJO;A;C;BAJA
1833916;11;IMPAR;NEGRO;A;B;BAJA
1833915;27;IMPAR;ROJO;C;C;ALTA
1833914;30;PAR;ROJO;C;C;ALTA
1833913;32;PAR;ROJO;C;B;ALTA
1833912;6;PAR;NEGRO;A;C;BAJA
1833911;18;PAR;ROJO;B;C;BAJA
1833910;35;IMPAR;NEGRO;C;B;ALTA
1833909;14;PAR;ROJO;B;B;BAJA
1833908;10;PAR;NEGRO;A;A;BAJA
1833907;18;PAR;ROJO;B;C;BAJA
1833906;25;IMPAR;ROJO;C;A;ALTA
1833905;15;IMPAR;NEGRO;B;C;BAJA
1833904;10;PAR;NEGRO;A;A;BAJA
1833903;29;IMPAR;NEGRO;C;B;ALTA
1833902;10;PAR;NEGRO;A;A;BAJA
1833901;5;IMPAR;ROJO;A;B;BAJA
1833900;35;IMPAR;NEGRO;C;B;ALTA
1833899;2;PAR;NEGRO;A;B;BAJA
1833898;21;IMPAR;ROJO;B;C;ALTA
1833897;3;IMPAR;ROJO;A;C;BAJA
1833896;2;PAR;NEGRO;A;B;BAJA
1833895;22;PAR;NEGRO;B;A;ALTA
1833894;28;PAR;NEGRO;C;A;ALTA
1833893;21;IMPAR;ROJO;B;C;ALTA
1833892;25;IMPAR;ROJO;C;A;ALTA
1833891;7;IMPAR;ROJO;A;A;BAJA
1833890;34;PAR;ROJO;C;A;ALTA
1833889;20;PAR;NEGRO;B;B;ALTA
1833888;26;PAR;NEGRO;C;B;ALTA
1833887;19;IMPAR;ROJO;B;A;ALTA
1833886;11;IMPAR;NEGRO;A;B;BAJA
1833885;24;PAR;NEGRO;B;C;ALTA
1833884;19;IMPAR;ROJO;B;A;ALTA
1833883;9;IMPAR;ROJO;A;C;BAJA
1833882;8;PAR;NEGRO;A;B;BAJA
1833881;10;PAR;NEGRO;A;A;BAJA
1833880;19;IMPAR;ROJO;B;A;ALTA
1833879;8;PAR;NEGRO;A;B;BAJA
1833878;5;IMPAR;ROJO;A;B;BAJA
1833877;27;IMPAR;ROJO;C;C;ALTA
1833876;19;IMPAR;ROJO;B;A;ALTA
1833875;15;IMPAR;NEGRO;B;C;BAJA
1833874;19;IMPAR;ROJO;B;A;ALTA
1833873;20;PAR;NEGRO;B;B;ALTA
1833872;6;PAR;NEGRO;A;C;BAJA
1833871;10;PAR;NEGRO;A;A;BAJA
1833870;1;IMPAR;ROJO;A;A;BAJA
1833869;4;PAR;NEGRO;A;A;BAJA
1833868;14;PAR;ROJO;B;B;BAJA
1833867;29;IMPAR;NEGRO;C;B;ALTA
1833866;15;IMPAR;NEGRO;B;C;BAJA
1833865;13;IMPAR;NEGRO;B;A;BAJA
1833864;4;PAR;NEGRO;A;A;BAJA
1833863;29;IMPAR;NEGRO;C;B;ALTA
1833862;25;IMPAR;ROJO;C;A;ALTA
1833861;36;PAR;ROJO;C;C;ALTA
1833860;27;IMPAR;ROJO;C;C;ALTA
1833859;18;PAR;ROJO;B;C;BAJA
1833858;4;PAR;NEGRO;A;A;BAJA
1833857;20;PAR;NEGRO;B;B;ALTA
1833856;28;PAR;NEGRO;C;A;ALTA
1833855;24;PAR;NEGRO;B;C;ALTA
1833854;24;PAR;NEGRO;B;C;ALTA
1833853;21;IMPAR;ROJO;B;C;ALTA
1833852;8;PAR;NEGRO;A;B;BAJA
1833851;27;IMPAR;ROJO;C;C;ALTA
1833850;4;PAR;NEGRO;A;A;BAJA
1833849;12;PAR;ROJO;A;C;BAJA
1833848;18;PAR;ROJO;B;C;BAJA
1833847;26;PAR;NEGRO;C;B;ALTA
1833846;36;PAR;ROJO;C;C;ALTA
1833845;25;IMPAR;ROJO;C;A;ALTA
1833844;14;PAR;ROJO;B;B;BAJA
1833843;36;PAR;ROJO;C;C;ALTA
1833842;24;PAR;NEGRO;B;C;ALTA
1833841;1;IMPAR;ROJO;A;A;BAJA
1833840;8;PAR;NEGRO;A;B;BAJA
1833839;28;PAR;NEGRO;C;A;ALTA
1833838;3;IMPAR;ROJO;A;C;BAJA
1833837;29;IMPAR;NEGRO;C;B;ALTA
1833836;6;PAR;NEGRO;A;C;BAJA
1833835;0;#N/D;#N/D;#N/D;#N/D;#N/D
1833834;17;IMPAR;NEGRO;B;B;BAJA
1833833;16;PAR;ROJO;B;A;BAJA
1833832;19;IMPAR;ROJO;B;A;ALTA
1833831;22;PAR;NEGRO;B;A;ALTA
1833830;19;IMPAR;ROJO;B;A;ALTA
1833829;18;PAR;ROJO;B;C;BAJA
1833828;12;PAR;ROJO;A;C;BAJA
1833827;3;IMPAR;ROJO;A;C;BAJA
1833826;1;IMPAR;ROJO;A;A;BAJA
1833825;15;IMPAR;NEGRO;B;C;BAJA
1833824;3;IMPAR;ROJO;A;C;BAJA
1833823;23;IMPAR;ROJO;B;B;ALTA
1833822;23;IMPAR;ROJO;B;B;ALTA
1833821;8;PAR;NEGRO;A;B;BAJA
1833820;22;PAR;NEGRO;B;A;ALTA
1833819;4;PAR;NEGRO;A;A;BAJA
1833818;24;PAR;NEGRO;B;C;ALTA
1833817;32;PAR;ROJO;C;B;ALTA
1833816;6;PAR;NEGRO;A;C;BAJA
1833815;3;IMPAR;ROJO;A;C;BAJA
1833814;25;IMPAR;ROJO;C;A;ALTA
1833813;34;PAR;ROJO;C;A;ALTA
1833812;4;PAR;NEGRO;A;A;BAJA
1833811;4;PAR;NEGRO;A;A;BAJA
1833810;11;IMPAR;NEGRO;A;B;BAJA
1833809;23;IMPAR;ROJO;B;B;ALTA
1833808;1;IMPAR;ROJO;A;A;BAJA
1833807;20;PAR;NEGRO;B;B;ALTA
1833806;32;PAR;ROJO;C;B;ALTA
1833805;15;IMPAR;NEGRO;B;C;BAJA
1833804;35;IMPAR;NEGRO;C;B;ALTA
1833803;10;PAR;NEGRO;A;A;BAJA
1833802;23;IMPAR;ROJO;B;B;ALTA
1833801;23;IMPAR;ROJO;B;B;ALTA
1833800;1;IMPAR;ROJO;A;A;BAJA
1833799;19;IMPAR;ROJO;B;A;ALTA
1833798;27;IMPAR;ROJO;C;C;ALTA
1833797;28;PAR;NEGRO;C;A;ALTA
1833796;5;IMPAR;ROJO;A;B;BAJA
1833795;0;#N/D;#N/D;#N/D;#N/D;#N/D
1833794;27;IMPAR;ROJO;C;C;ALTA
1833793;19;IMPAR;ROJO;B;A;ALTA
1833792;23;IMPAR;ROJO;B;B;ALTA
1833791;13;IMPAR;NEGRO;B;A;BAJA
1833790;28;PAR;NEGRO;C;A;ALTA
1833789;22;PAR;NEGRO;B;A;ALTA
1833788;8;PAR;NEGRO;A;B;BAJA
1833787;5;IMPAR;ROJO;A;B;BAJA
1833786;23;IMPAR;ROJO;B;B;ALTA
1833785;19;IMPAR;ROJO;B;A;ALTA
1833784;19;IMPAR;ROJO;B;A;ALTA
1833783;14;PAR;ROJO;B;B;BAJA
1833782;14;PAR;ROJO;B;B;BAJA
1833781;6;PAR;NEGRO;A;C;BAJA
1833780;11;IMPAR;NEGRO;A;B;BAJA
1833779;7;IMPAR;ROJO;A;A;BAJA
1833778;22;PAR;NEGRO;B;A;ALTA
1833777;22;PAR;NEGRO;B;A;ALTA
1833776;21;IMPAR;ROJO;B;C;ALTA
1833775;32;PAR;ROJO;C;B;ALTA
1833774;15;IMPAR;NEGRO;B;C;BAJA
1833773;35;IMPAR;NEGRO;C;B;ALTA
1833772;3;IMPAR;ROJO;A;C;BAJA
1833771;9;IMPAR;ROJO;A;C;BAJA
1833770;31;IMPAR;NEGRO;C;A;ALTA
1833769;23;IMPAR;ROJO;B;B;ALTA
1833768;21;IMPAR;ROJO;B;C;ALTA
1833767;6;PAR;NEGRO;A;C;BAJA
1833766;12;PAR;ROJO;A;C;BAJA
1833765;14;PAR;ROJO;B;B;BAJA
1833764;31;IMPAR;NEGRO;C;A;ALTA
1833763;20;PAR;NEGRO;B;B;ALTA
1833762;29;IMPAR;NEGRO;C;B;ALTA
1833761;27;IMPAR;ROJO;C;C;ALTA
1833760;36;PAR;ROJO;C;C;ALTA
1833759;17;IMPAR;NEGRO;B;B;BAJA
1833758;15;IMPAR;NEGRO;B;C;BAJA
1833757;21;IMPAR;ROJO;B;C;ALTA
1833756;31;IMPAR;NEGRO;C;A;ALTA
1833755;7;IMPAR;ROJO;A;A;BAJA
1833754;9;IMPAR;ROJO;A;C;BAJA
1833753;6;PAR;NEGRO;A;C;BAJA
1833752;29;IMPAR;NEGRO;C;B;ALTA
1833751;22;PAR;NEGRO;B;A;ALTA
1833750;3;IMPAR;ROJO;A;C;BAJA
1833749;22;PAR;NEGRO;B;A;ALTA
1833748;32;PAR;ROJO;C;B;ALTA
1833747;15;IMPAR;NEGRO;B;C;BAJA
1833746;35;IMPAR;NEGRO;C;B;ALTA
1833745;2;PAR;NEGRO;A;B;BAJA
1833744;30;PAR;ROJO;C;C;ALTA
1833743;26;PAR;NEGRO;C;B;ALTA
1833742;4;PAR;NEGRO;A;A;BAJA
1833741;31;IMPAR;NEGRO;C;A;ALTA
1833740;26;PAR;NEGRO;C;B;ALTA
1833739;1;IMPAR;ROJO;A;A;BAJA
1833738;23;IMPAR;ROJO;B;B;ALTA
1833737;19;IMPAR;ROJO;B;A;ALTA
1833736;23;IMPAR;ROJO;B;B;ALTA
1833735;26;PAR;NEGRO;C;B;ALTA
1833734;2;PAR;NEGRO;A;B;BAJA
1833733;32;PAR;ROJO;C;B;ALTA
1833732;2;PAR;NEGRO;A;B;BAJA
1833731;30;PAR;ROJO;C;C;ALTA
1833730;3;IMPAR;ROJO;A;C;BAJA
1833729;7;IMPAR;ROJO;A;A;BAJA
1833728;26;PAR;NEGRO;C;B;ALTA
1833727;28;PAR;NEGRO;C;A;ALTA
1833726;13;IMPAR;NEGRO;B;A;BAJA
1833725;36;PAR;ROJO;C;C;ALTA
1833724;12;PAR;ROJO;A;C;BAJA
1833723;22;PAR;NEGRO;B;A;ALTA
1833722;19;IMPAR;ROJO;B;A;ALTA
1833721;10;PAR;NEGRO;A;A;BAJA
1833720;23;IMPAR;ROJO;B;B;ALTA
1833719;10;PAR;NEGRO;A;A;BAJA
1833718;18;PAR;ROJO;B;C;BAJA
1833717;22;PAR;NEGRO;B;A;ALTA
1833716;28;PAR;NEGRO;C;A;ALTA
1833715;20;PAR;NEGRO;B;B;ALTA
1833714;32;PAR;ROJO;C;B;ALTA
1833713;32;PAR;ROJO;C;B;ALTA
1833712;34;PAR;ROJO;C;A;ALTA
1833711;1;IMPAR;ROJO;A;A;BAJA
1833710;5;IMPAR;ROJO;A;B;BAJA
1833709;9;IMPAR;ROJO;A;C;BAJA
1833708;30;PAR;ROJO;C;C;ALTA
1833707;20;PAR;NEGRO;B;B;ALTA
1833706;5;IMPAR;ROJO;A;B;BAJA
1833705;5;IMPAR;ROJO;A;B;BAJA
1833704;21;IMPAR;ROJO;B;C;ALTA
1833703;8;PAR;NEGRO;A;B;BAJA
1833702;22;PAR;NEGRO;B;A;ALTA
1833701;34;PAR;ROJO;C;A;ALTA
1833700;21;IMPAR;ROJO;B;C;ALTA
1833699;9;IMPAR;ROJO;A;C;BAJA
1833698;27;IMPAR;ROJO;C;C;ALTA
1833697;23;IMPAR;ROJO;B;B;ALTA
1833696;1;IMPAR;ROJO;A;A;BAJA
1833695;20;PAR;NEGRO;B;B;ALTA
1833694;2;PAR;NEGRO;A;B;BAJA
1833693;8;PAR;NEGRO;A;B;BAJA
1833692;31;IMPAR;NEGRO;C;A;ALTA
1833691;9;IMPAR;ROJO;A;C;BAJA
1833690;11;IMPAR;NEGRO;A;B;BAJA
1833689;14;PAR;ROJO;B;B;BAJA
1833688;16;PAR;ROJO;B;A;BAJA
1833687;20;PAR;NEGRO;B;B;ALTA
1833686;0;#N/D;#N/D;#N/D;#N/D;#N/D
1833685;10;PAR;NEGRO;A;A;BAJA
1833684;29;IMPAR;NEGRO;C;B;ALTA
1833683;36;PAR;ROJO;C;C;ALTA
1833682;6;PAR;NEGRO;A;C;BAJA
1833681;20;PAR;NEGRO;B;B;ALTA
1833680;6;PAR;NEGRO;A;C;BAJA
1833679;34;PAR;ROJO;C;A;ALTA
1833678;12;PAR;ROJO;A;C;BAJA
1833677;17;IMPAR;NEGRO;B;B;BAJA
1833676;8;PAR;NEGRO;A;B;BAJA
1833675;21;IMPAR;ROJO;B;C;ALTA
1833674;10;PAR;NEGRO;A;A;BAJA
1833673;19;IMPAR;ROJO;B;A;ALTA
1833672;6;PAR;NEGRO;A;C;BAJA
1833671;15;IMPAR;NEGRO;B;C;BAJA
1833670;6;PAR;NEGRO;A;C;BAJA
1833669;14;PAR;ROJO;B;B;BAJA
1833668;3;IMPAR;ROJO;A;C;BAJA
1833667;23;IMPAR;ROJO;B;B;ALTA
1833666;36;PAR;ROJO;C;C;ALTA
1833665;27;IMPAR;ROJO;C;C;ALTA
1833664;22;PAR;NEGRO;B;A;ALTA
1833663;22;PAR;NEGRO;B;A;ALTA
1833662;21;IMPAR;ROJO;B;C;ALTA
1833661;22;PAR;NEGRO;B;A;ALTA
1833660;0;#N/D;#N/D;#N/D;#N/D;#N/D
1833659;33;IMPAR;NEGRO;C;C;ALTA
1833658;32;PAR;ROJO;C;B;ALTA
1833657;3;IMPAR;ROJO;A;C;BAJA
1833656;9;IMPAR;ROJO;A;C;BAJA
1833655;2;PAR;NEGRO;A;B;BAJA
1833654;31;IMPAR;NEGRO;C;A;ALTA
1833653;24;PAR;NEGRO;B;C;ALTA
1833652;33;IMPAR;NEGRO;C;C;ALTA
1833651;30;PAR;ROJO;C;C;ALTA
1833650;10;PAR;NEGRO;A;A;BAJA
1833649;14;PAR;ROJO;B;B;BAJA
1833648;12;PAR;ROJO;A;C;BAJA
1833647;25;IMPAR;ROJO;C;A;ALTA
1833646;6;PAR;NEGRO;A;C;BAJA
1833645;30;PAR;ROJO;C;C;ALTA
1833644;19;IMPAR;ROJO;B;A;ALTA
1833643;18;PAR;ROJO;B;C;BAJA
1833642;25;IMPAR;ROJO;C;A;ALTA
1833641;11;IMPAR;NEGRO;A;B;BAJA
1833640;29;IMPAR;NEGRO;C;B;ALTA
1833639;6;PAR;NEGRO;A;C;BAJA
1833638;19;IMPAR;ROJO;B;A;ALTA
1833637;20;PAR;NEGRO;B;B;ALTA
1833636;24;PAR;NEGRO;B;C;ALTA
1833635;31;IMPAR;NEGRO;C;A;ALTA
1833634;1;IMPAR;ROJO;A;A;BAJA
1833633;30;PAR;ROJO;C;C;ALTA
1833632;15;IMPAR;NEGRO;B;C;BAJA
1833631;11;IMPAR;NEGRO;A;B;BAJA
1833630;7;IMPAR;ROJO;A;A;BAJA
1833629;34;PAR;ROJO;C;A;ALTA
1833628;19;IMPAR;ROJO;B;A;ALTA
1833627;15;IMPAR;NEGRO;B;C;BAJA
1833626;3;IMPAR;ROJO;A;C;BAJA
1833625;13;IMPAR;NEGRO;B;A;BAJA
1833624;10;PAR;NEGRO;A;A;BAJA
1833623;3;IMPAR;ROJO;A;C;BAJA
1833622;8;PAR;NEGRO;A;B;BAJA
1833621;14;PAR;ROJO;B;B;BAJA
1833620;8;PAR;NEGRO;A;B;BAJA
1833619;5;IMPAR;ROJO;A;B;BAJA
1833618;29;IMPAR;NEGRO;C;B;ALTA
1833617;9;IMPAR;ROJO;A;C;BAJA
1833616;30;PAR;ROJO;C;C;ALTA
1833615;11;IMPAR;NEGRO;A;B;BAJA
1833614;7;IMPAR;ROJO;A;A;BAJA
1833613;16;PAR;ROJO;B;A;BAJA
1833612;28;PAR;NEGRO;C;A;ALTA
1833611;34;PAR;ROJO;C;A;ALTA
1833610;4;PAR;NEGRO;A;A;BAJA
1833609;13;IMPAR;NEGRO;B;A;BAJA
1833608;36;PAR;ROJO;C;C;ALTA
1833607;33;IMPAR;NEGRO;C;C;ALTA
1833606;21;IMPAR;ROJO;B;C;ALTA
1833605;26;PAR;NEGRO;C;B;ALTA
1833604;25;IMPAR;ROJO;C;A;ALTA
1833603;1;IMPAR;ROJO;A;A;BAJA
1833602;14;PAR;ROJO;B;B;BAJA
1833601;22;PAR;NEGRO;B;A;ALTA
1833600;36;PAR;ROJO;C;C;ALTA
1833599;22;PAR;NEGRO;B;A;ALTA
1833598;32;PAR;ROJO;C;B;ALTA
1833597;10;PAR;NEGRO;A;A;BAJA
1833596;23;IMPAR;ROJO;B;B;ALTA
1833595;36;PAR;ROJO;C;C;ALTA
1833594;14;PAR;ROJO;B;B;BAJA
1833593;8;PAR;NEGRO;A;B;BAJA
1833592;0;#N/D;#N/D;#N/D;#N/D;#N/D
1833591;28;PAR;NEGRO;C;A;ALTA
1833590;36;PAR;ROJO;C;C;ALTA
1833589;14;PAR;ROJO;B;B;BAJA
1833588;33;IMPAR;NEGRO;C;C;ALTA
1833587;2;PAR;NEGRO;A;B;BAJA
1833586;3;IMPAR;ROJO;A;C;BAJA
1833585;29;IMPAR;NEGRO;C;B;ALTA
1833584;25;IMPAR;ROJO;C;A;ALTA
1833583;33;IMPAR;NEGRO;C;C;ALTA
1833582;13;IMPAR;NEGRO;B;A;BAJA
1833581;22;PAR;NEGRO;B;A;ALTA
1833580;28;PAR;NEGRO;C;A;ALTA
1833579;30;PAR;ROJO;C;C;ALTA
1833578;9;IMPAR;ROJO;A;C;BAJA
1833577;15;IMPAR;NEGRO;B;C;BAJA
1833576;15;IMPAR;NEGRO;B;C;BAJA
1833575;26;PAR;NEGRO;C;B;ALTA
1833574;34;PAR;ROJO;C;A;ALTA
1833573;26;PAR;NEGRO;C;B;ALTA
1833572;34;PAR;ROJO;C;A;ALTA
1833571;25;IMPAR;ROJO;C;A;ALTA
1833570;22;PAR;NEGRO;B;A;ALTA
1833569;7;IMPAR;ROJO;A;A;BAJA
1833568;3;IMPAR;ROJO;A;C;BAJA
1833567;33;IMPAR;NEGRO;C;C;ALTA
1833566;12;PAR;ROJO;A;C;BAJA
1833565;11;IMPAR;NEGRO;A;B;BAJA
1833564;0;#N/D;#N/D;#N/D;#N/D;#N/D
1833563;15;IMPAR;NEGRO;B;C;BAJA
1833562;3;IMPAR;ROJO;A;C;BAJA
1833561;28;PAR;NEGRO;C;A;ALTA
1833560;3;IMPAR;ROJO;A;C;BAJA
1833559;14;PAR;ROJO;B;B;BAJA
1833558;36;PAR;ROJO;C;C;ALTA
1833557;21;IMPAR;ROJO;B;C;ALTA
1833556;29;IMPAR;NEGRO;C;B;ALTA
1833555;29;IMPAR;NEGRO;C;B;ALTA
1833554;23;IMPAR;ROJO;B;B;ALTA
1833553;20;PAR;NEGRO;B;B;ALTA
1833552;19;IMPAR;ROJO;B;A;ALTA
1833551;17;IMPAR;NEGRO;B;B;BAJA
1833550;21;IMPAR;ROJO;B;C;ALTA
1833549;30;PAR;ROJO;C;C;ALTA
1833548;17;IMPAR;NEGRO;B;B;BAJA
1833547;17;IMPAR;NEGRO;B;B;BAJA
1833546;12;PAR;ROJO;A;C;BAJA
1833545;7;IMPAR;ROJO;A;A;BAJA
1833544;8;PAR;NEGRO;A;B;BAJA
1833543;18;PAR;ROJO;B;C;BAJA
1833542;35;IMPAR;NEGRO;C;B;ALTA
1833541;34;PAR;ROJO;C;A;ALTA
1833540;6;PAR;NEGRO;A;C;BAJA
1833539;10;PAR;NEGRO;A;A;BAJA
1833538;27;IMPAR;ROJO;C;C;ALTA
1833537;1;IMPAR;ROJO;A;A;BAJA
1833536;5;IMPAR;ROJO;A;B;BAJA
1833535;11;IMPAR;NEGRO;A;B;BAJA
1833534;13;IMPAR;NEGRO;B;A;BAJA
1833533;7;IMPAR;ROJO;A;A;BAJA
1833532;32;PAR;ROJO;C;B;ALTA
1833531;13;IMPAR;NEGRO;B;A;BAJA
1833530;32;PAR;ROJO;C;B;ALTA
1833529;32;PAR;ROJO;C;B;ALTA
1833528;34;PAR;ROJO;C;A;ALTA
1833527;22;PAR;NEGRO;B;A;ALTA
1833526;29;IMPAR;NEGRO;C;B;ALTA
1833525;11;IMPAR;NEGRO;A;B;BAJA
1833524;12;PAR;ROJO;A;C;BAJA
1833523;23;IMPAR;ROJO;B;B;ALTA
1833522;14;PAR;ROJO;B;B;BAJA
1833521;4;PAR;NEGRO;A;A;BAJA
1833520;4;PAR;NEGRO;A;A;BAJA
1833519;21;IMPAR;ROJO;B;C;ALTA
1833518;15;IMPAR;NEGRO;B;C;BAJA
1833517;18;PAR;ROJO;B;C;BAJA
1833516;36;PAR;ROJO;C;C;ALTA
1833515;9;IMPAR;ROJO;A;C;BAJA
1833514;6;PAR;NEGRO;A;C;BAJA
1833513;27;IMPAR;ROJO;C;C;ALTA
1833512;16;PAR;ROJO;B;A;BAJA
1833511;7;IMPAR;ROJO;A;A;BAJA
1833510;8;PAR;NEGRO;A;B;BAJA
1833509;24;PAR;NEGRO;B;C;ALTA
1833508;4;PAR;NEGRO;A;A;BAJA
1833507;29;IMPAR;NEGRO;C;B;ALTA
1833506;9;IMPAR;ROJO;A;C;BAJA
1833505;13;IMPAR;NEGRO;B;A;BAJA
1833504;36;PAR;ROJO;C;C;ALTA
1833503;8;PAR;NEGRO;A;B;BAJA
1833502;8;PAR;NEGRO;A;B;BAJA
1833501;14;PAR;ROJO;B;B;BAJA
1833500;22;PAR;NEGRO;B;A;ALTA
1833499;0;#N/D;#N/D;#N/D;#N/D;#N/D
1833498;24;PAR;NEGRO;B;C;ALTA
1833497;14;PAR;ROJO;B;B;BAJA
1833496;9;IMPAR;ROJO;A;C;BAJA
1833495;1;IMPAR;ROJO;A;A;BAJA
1833494;34;PAR;ROJO;C;A;ALTA
1833493;0;#N/D;#N/D;#N/D;#N/D;#N/D
1833492;13;IMPAR;NEGRO;B;A;BAJA
1833491;18;PAR;ROJO;B;C;BAJA
1833490;4;PAR;NEGRO;A;A;BAJA
1833489;31;IMPAR;NEGRO;C;A;ALTA
1833488;17;IMPAR;NEGRO;B;B;BAJA
1833487;6;PAR;NEGRO;A;C;BAJA
1833486;3;IMPAR;ROJO;A;C;BAJA
1833485;1;IMPAR;ROJO;A;A;BAJA
1833484;4;PAR;NEGRO;A;A;BAJA
1833483;9;IMPAR;ROJO;A;C;BAJA
1833482;27;IMPAR;ROJO;C;C;ALTA
1833481;15;IMPAR;NEGRO;B;C;BAJA
1833480;25;IMPAR;ROJO;C;A;ALTA
1833479;31;IMPAR;NEGRO;C;A;ALTA
1833478;8;PAR;NEGRO;A;B;BAJA
1833477;34;PAR;ROJO;C;A;ALTA
1833476;32;PAR;ROJO;C;B;ALTA
1833475;16;PAR;ROJO;B;A;BAJA
1833474;28;PAR;NEGRO;C;A;ALTA
1833473;32;PAR;ROJO;C;B;ALTA
1833472;11;IMPAR;NEGRO;A;B;BAJA
1833471;28;PAR;NEGRO;C;A;ALTA
1833470;29;IMPAR;NEGRO;C;B;ALTA
1833469;14;PAR;ROJO;B;B;BAJA
1833468;7;IMPAR;ROJO;A;A;BAJA
1833467;15;IMPAR;NEGRO;B;C;BAJA
1833466;10;PAR;NEGRO;A;A;BAJA
1833465;36;PAR;ROJO;C;C;ALTA
1833464;34;PAR;ROJO;C;A;ALTA
1833463;25;IMPAR;ROJO;C;A;ALTA
1833462;11;IMPAR;NEGRO;A;B;BAJA
1833461;6;PAR;NEGRO;A;C;BAJA
1833460;26;PAR;NEGRO;C;B;ALTA
1833459;7;IMPAR;ROJO;A;A;BAJA
1833458;30;PAR;ROJO;C;C;ALTA
1833457;28;PAR;NEGRO;C;A;ALTA
1833456;17;IMPAR;NEGRO;B;B;BAJA
1833455;5;IMPAR;ROJO;A;B;BAJA
1833454;13;IMPAR;NEGRO;B;A;BAJA
1833453;21;IMPAR;ROJO;B;C;ALTA
1833452;21;IMPAR;ROJO;B;C;ALTA
1833451;11;IMPAR;NEGRO;A;B;BAJA
1833450;18;PAR;ROJO;B;C;BAJA
1833449;29;IMPAR;NEGRO;C;B;ALTA
1833448;33;IMPAR;NEGRO;C;C;ALTA
1833447;11;IMPAR;NEGRO;A;B;BAJA
1833446;8;PAR;NEGRO;A;B;BAJA
1833445;35;IMPAR;NEGRO;C;B;ALTA
1833444;35;IMPAR;NEGRO;C;B;ALTA
1833443;2;PAR;NEGRO;A;B;BAJA
1833442;32;PAR;ROJO;C;B;ALTA
1833441;4;PAR;NEGRO;A;A;BAJA
1833440;28;PAR;NEGRO;C;A;ALTA
1833439;7;IMPAR;ROJO;A;A;BAJA
1833438;3;IMPAR;ROJO;A;C;BAJA
1833437;34;PAR;ROJO;C;A;ALTA
1833436;28;PAR;NEGRO;C;A;ALTA
1833435;7;IMPAR;ROJO;A;A;BAJA
1833434;0;#N/D;#N/D;#N/D;#N/D;#N/D
1833433;6;PAR;NEGRO;A;C;BAJA
1833432;4;PAR;NEGRO;A;A;BAJA
1833431;26;PAR;NEGRO;C;B;ALTA
1833430;18;PAR;ROJO;B;C;BAJA
1833429;15;IMPAR;NEGRO;B;C;BAJA
1833428;14;PAR;ROJO;B;B;BAJA
1833427;17;IMPAR;NEGRO;B;B;BAJA
1833426;14;PAR;ROJO;B;B;BAJA
1833425;11;IMPAR;NEGRO;A;B;BAJA
1833424;16;PAR;ROJO;B;A;BAJA
1833423;12;PAR;ROJO;A;C;BAJA
1833422;10;PAR;NEGRO;A;A;BAJA
1833421;21;IMPAR;ROJO;B;C;ALTA
1833420;16;PAR;ROJO;B;A;BAJA
1833419;8;PAR;NEGRO;A;B;BAJA
1833418;17;IMPAR;NEGRO;B;B;BAJA
1833417;10;PAR;NEGRO;A;A;BAJA
1833416;34;PAR;ROJO;C;A;ALTA
1833415;33;IMPAR;NEGRO;C;C;ALTA
1833414;21;IMPAR;ROJO;B;C;ALTA
1833413;20;PAR;NEGRO;B;B;ALTA
1833412;4;PAR;NEGRO;A;A;BAJA
1833411;11;IMPAR;NEGRO;A;B;BAJA
1833410;2;PAR;NEGRO;A;B;BAJA
1833409;35;IMPAR;NEGRO;C;B;ALTA
1833408;7;IMPAR;ROJO;A;A;BAJA
1833407;28;PAR;NEGRO;C;A;ALTA
1833406;30;PAR;ROJO;C;C;ALTA
1833405;28;PAR;NEGRO;C;A;ALTA
1833404;1;IMPAR;ROJO;A;A;BAJA
1833403;3;IMPAR;ROJO;A;C;BAJA
1833402;23;IMPAR;ROJO;B;B;ALTA
1833401;19;IMPAR;ROJO;B;A;ALTA
1833400;26;PAR;NEGRO;C;B;ALTA
1833399;13;IMPAR;NEGRO;B;A;BAJA
1833398;10;PAR;NEGRO;A;A;BAJA
1833397;12;PAR;ROJO;A;C;BAJA
1833396;1;IMPAR;ROJO;A;A;BAJA
1833395;8;PAR;NEGRO;A;B;BAJA
1833394;1;IMPAR;ROJO;A;A;BAJA
1833393;2;PAR;NEGRO;A;B;BAJA
1833392;10;PAR;NEGRO;A;A;BAJA
1833391;2;PAR;NEGRO;A;B;BAJA
1833390;33;IMPAR;NEGRO;C;C;ALTA
1833389;5;IMPAR;ROJO;A;B;BAJA
1833388;2;PAR;NEGRO;A;B;BAJA
1833387;20;PAR;NEGRO;B;B;ALTA
1833386;1;IMPAR;ROJO;A;A;BAJA
1833385;21;IMPAR;ROJO;B;C;ALTA
1833384;23;IMPAR;ROJO;B;B;ALTA
1833383;13;IMPAR;NEGRO;B;A;BAJA
1833382;11;IMPAR;NEGRO;A;B;BAJA
1833381;21;IMPAR;ROJO;B;C;ALTA
1833380;2;PAR;NEGRO;A;B;BAJA
1833379;2;PAR;NEGRO;A;B;BAJA
1833378;26;PAR;NEGRO;C;B;ALTA
1833377;8;PAR;NEGRO;A;B;BAJA
1833376;6;PAR;NEGRO;A;C;BAJA
1833375;33;IMPAR;NEGRO;C;C;ALTA
1833374;7;IMPAR;ROJO;A;A;BAJA
1833373;23;IMPAR;ROJO;B;B;ALTA
1833372;30;PAR;ROJO;C;C;ALTA
1833371;28;PAR;NEGRO;C;A;ALTA
1833370;20;PAR;NEGRO;B;B;ALTA
1833369;12;PAR;ROJO;A;C;BAJA
1833368;25;IMPAR;ROJO;C;A;ALTA
1833367;25;IMPAR;ROJO;C;A;ALTA
1833366;28;PAR;NEGRO;C;A;ALTA
1833365;21;IMPAR;ROJO;B;C;ALTA
